station,variable,time_start,time_end,method,count_affected
stanhope,air_temperature_c,2023-04-05 09:00:00+00:00,2023-04-05 09:00:00+00:00,linear_interpolation,1
stanhope,air_temperature_c,2023-04-05 11:00:00+00:00,2023-04-05 11:00:00+00:00,linear_interpolation,1
stanhope,air_temperature_c,2023-05-02 21:00:00+00:00,2023-05-02 23:00:00+00:00,linear_interpolation,3
stanhope,air_temperature_c,2023-05-07 18:00:00+00:00,2023-05-07 18:00:00+00:00,linear_interpolation,1
stanhope,air_temperature_c,2023-05-12 16:00:00+00:00,2023-05-12 16:00:00+00:00,linear_interpolation,1
stanhope,air_temperature_c,2023-05-28 17:00:00+00:00,2023-05-28 17:00:00+00:00,linear_interpolation,1
stanhope,air_temperature_c,2023-06-18 13:00:00+00:00,2023-06-18 13:00:00+00:00,linear_interpolation,1
stanhope,air_temperature_c,2023-07-05 19:00:00+00:00,2023-07-05 21:00:00+00:00,linear_interpolation,3
stanhope,air_temperature_c,2023-07-14 11:00:00+00:00,2023-07-14 11:00:00+00:00,linear_interpolation,1
stanhope,air_temperature_c,2023-07-27 08:00:00+00:00,2023-07-27 11:00:00+00:00,linear_interpolation,4
stanhope,air_temperature_c,2023-08-14 08:00:00+00:00,2023-08-14 08:00:00+00:00,linear_interpolation,1
stanhope,air_temperature_c,2023-09-16 15:00:00+00:00,2023-09-16 17:00:00+00:00,linear_interpolation,3
stanhope,air_temperature_c,2023-10-18 14:00:00+00:00,2023-10-18 15:00:00+00:00,linear_interpolation,2
stanhope,air_temperature_c,2023-12-18 19:00:00+00:00,2023-12-18 22:00:00+00:00,linear_interpolation,4
stanhope,air_temperature_c,2023-12-19 00:00:00+00:00,2023-12-19 00:00:00+00:00,linear_interpolation,1
stanhope,air_temperature_c,2023-12-19 02:00:00+00:00,2023-12-19 03:00:00+00:00,linear_interpolation,2
stanhope,air_temperature_c,2024-01-10 18:00:00+00:00,2024-01-10 19:00:00+00:00,linear_interpolation,2
stanhope,air_temperature_c,2024-01-25 09:00:00+00:00,2024-01-25 13:00:00+00:00,linear_interpolation,5
stanhope,air_temperature_c,2024-02-13 18:00:00+00:00,2024-02-13 18:00:00+00:00,linear_interpolation,1
stanhope,air_temperature_c,2024-03-12 09:00:00+00:00,2024-03-12 09:00:00+00:00,linear_interpolation,1
stanhope,air_temperature_c,2024-03-24 09:00:00+00:00,2024-03-24 09:00:00+00:00,linear_interpolation,1
stanhope,air_temperature_c,2024-05-23 14:00:00+00:00,2024-05-23 14:00:00+00:00,linear_interpolation,1
stanhope,air_temperature_c,2024-06-20 14:00:00+00:00,2024-06-20 14:00:00+00:00,linear_interpolation,1
stanhope,air_temperature_c,2024-06-25 12:00:00+00:00,2024-06-25 15:00:00+00:00,linear_interpolation,4
stanhope,air_temperature_c,2024-06-26 08:00:00+00:00,2024-06-26 15:00:00+00:00,preserve,8
stanhope,air_temperature_c,2024-06-27 08:00:00+00:00,2024-06-27 08:00:00+00:00,linear_interpolation,1
stanhope,air_temperature_c,2024-08-19 06:00:00+00:00,2024-08-19 06:00:00+00:00,linear_interpolation,1
stanhope,air_temperature_c,2024-09-28 15:00:00+00:00,2024-09-28 15:00:00+00:00,linear_interpolation,1
stanhope,air_temperature_c,2024-09-28 17:00:00+00:00,2024-09-28 17:00:00+00:00,linear_interpolation,1
stanhope,air_temperature_c,2024-09-29 05:00:00+00:00,2024-09-29 05:00:00+00:00,linear_interpolation,1
stanhope,air_temperature_c,2024-09-29 09:00:00+00:00,2024-09-29 09:00:00+00:00,linear_interpolation,1
stanhope,air_temperature_c,2024-09-29 23:00:00+00:00,2024-09-29 23:00:00+00:00,linear_interpolation,1
stanhope,air_temperature_c,2024-10-01 00:00:00+00:00,2024-10-01 00:00:00+00:00,linear_interpolation,1
stanhope,air_temperature_c,2024-11-14 03:00:00+00:00,2024-11-14 03:00:00+00:00,linear_interpolation,1
stanhope,air_temperature_c,2025-03-18 04:00:00+00:00,2025-03-18 04:00:00+00:00,linear_interpolation,1
stanhope,air_temperature_c,2025-04-23 09:00:00+00:00,2025-04-23 09:00:00+00:00,linear_interpolation,1
stanhope,air_temperature_c,2025-05-01 00:00:00+00:00,2025-05-01 00:00:00+00:00,linear_interpolation,1
stanhope,air_temperature_c,2025-05-03 20:00:00+00:00,2025-05-03 20:00:00+00:00,linear_interpolation,1
stanhope,air_temperature_c,2025-05-15 20:00:00+00:00,2025-05-15 20:00:00+00:00,linear_interpolation,1
stanhope,air_temperature_c,2025-05-19 08:00:00+00:00,2025-05-19 08:00:00+00:00,linear_interpolation,1
stanhope,air_temperature_c,2025-05-28 04:00:00+00:00,2025-05-28 04:00:00+00:00,linear_interpolation,1
stanhope,air_temperature_c,2025-06-12 05:00:00+00:00,2025-06-12 05:00:00+00:00,linear_interpolation,1
stanhope,air_temperature_c,2025-07-09 12:00:00+00:00,2025-07-09 16:00:00+00:00,linear_interpolation,5
stanhope,air_temperature_c,2025-08-05 13:00:00+00:00,2025-08-05 13:00:00+00:00,linear_interpolation,1
stanhope,relative_humidity_pct,2023-04-05 09:00:00+00:00,2023-04-05 09:00:00+00:00,linear_interpolation,1
stanhope,relative_humidity_pct,2023-04-05 11:00:00+00:00,2023-04-05 11:00:00+00:00,linear_interpolation,1
stanhope,relative_humidity_pct,2023-05-02 21:00:00+00:00,2023-05-02 23:00:00+00:00,linear_interpolation,3
stanhope,relative_humidity_pct,2023-05-07 18:00:00+00:00,2023-05-07 18:00:00+00:00,linear_interpolation,1
stanhope,relative_humidity_pct,2023-05-11 19:00:00+00:00,2023-05-11 19:00:00+00:00,linear_interpolation,1
stanhope,relative_humidity_pct,2023-06-18 13:00:00+00:00,2023-06-18 13:00:00+00:00,linear_interpolation,1
stanhope,relative_humidity_pct,2023-07-05 19:00:00+00:00,2023-07-05 21:00:00+00:00,linear_interpolation,3
stanhope,relative_humidity_pct,2023-07-14 11:00:00+00:00,2023-07-14 11:00:00+00:00,linear_interpolation,1
stanhope,relative_humidity_pct,2023-07-27 08:00:00+00:00,2023-07-27 11:00:00+00:00,linear_interpolation,4
stanhope,relative_humidity_pct,2023-08-14 08:00:00+00:00,2023-08-14 08:00:00+00:00,linear_interpolation,1
stanhope,relative_humidity_pct,2023-08-28 19:00:00+00:00,2023-08-28 19:00:00+00:00,linear_interpolation,1
stanhope,relative_humidity_pct,2023-09-16 15:00:00+00:00,2023-09-16 17:00:00+00:00,linear_interpolation,3
stanhope,relative_humidity_pct,2023-10-18 14:00:00+00:00,2023-10-18 15:00:00+00:00,linear_interpolation,2
stanhope,relative_humidity_pct,2023-12-13 18:00:00+00:00,2023-12-13 18:00:00+00:00,linear_interpolation,1
stanhope,relative_humidity_pct,2023-12-18 19:00:00+00:00,2023-12-18 22:00:00+00:00,linear_interpolation,4
stanhope,relative_humidity_pct,2023-12-19 00:00:00+00:00,2023-12-19 00:00:00+00:00,linear_interpolation,1
stanhope,relative_humidity_pct,2023-12-19 02:00:00+00:00,2023-12-19 03:00:00+00:00,linear_interpolation,2
stanhope,relative_humidity_pct,2024-01-10 18:00:00+00:00,2024-01-10 19:00:00+00:00,linear_interpolation,2
stanhope,relative_humidity_pct,2024-01-25 09:00:00+00:00,2024-01-25 13:00:00+00:00,linear_interpolation,5
stanhope,relative_humidity_pct,2024-02-13 18:00:00+00:00,2024-02-13 18:00:00+00:00,linear_interpolation,1
stanhope,relative_humidity_pct,2024-03-12 09:00:00+00:00,2024-03-12 09:00:00+00:00,linear_interpolation,1
stanhope,relative_humidity_pct,2024-03-23 15:00:00+00:00,2024-03-23 15:00:00+00:00,linear_interpolation,1
stanhope,relative_humidity_pct,2024-05-14 07:00:00+00:00,2024-05-14 07:00:00+00:00,linear_interpolation,1
stanhope,relative_humidity_pct,2024-06-25 12:00:00+00:00,2024-06-25 15:00:00+00:00,linear_interpolation,4
stanhope,relative_humidity_pct,2024-06-26 08:00:00+00:00,2024-06-26 15:00:00+00:00,preserve,8
stanhope,relative_humidity_pct,2024-06-27 08:00:00+00:00,2024-06-27 08:00:00+00:00,linear_interpolation,1
stanhope,relative_humidity_pct,2024-07-03 17:00:00+00:00,2024-07-03 17:00:00+00:00,linear_interpolation,1
stanhope,relative_humidity_pct,2024-08-19 06:00:00+00:00,2024-08-19 06:00:00+00:00,linear_interpolation,1
stanhope,relative_humidity_pct,2024-09-28 15:00:00+00:00,2024-09-28 15:00:00+00:00,linear_interpolation,1
stanhope,relative_humidity_pct,2024-09-28 17:00:00+00:00,2024-09-28 17:00:00+00:00,linear_interpolation,1
stanhope,relative_humidity_pct,2024-09-29 05:00:00+00:00,2024-09-29 05:00:00+00:00,linear_interpolation,1
stanhope,relative_humidity_pct,2024-09-29 09:00:00+00:00,2024-09-29 09:00:00+00:00,linear_interpolation,1
stanhope,relative_humidity_pct,2024-09-29 23:00:00+00:00,2024-09-29 23:00:00+00:00,linear_interpolation,1
stanhope,relative_humidity_pct,2024-10-01 00:00:00+00:00,2024-10-01 00:00:00+00:00,linear_interpolation,1
stanhope,relative_humidity_pct,2024-11-14 03:00:00+00:00,2024-11-14 03:00:00+00:00,linear_interpolation,1
stanhope,relative_humidity_pct,2025-02-27 18:00:00+00:00,2025-02-27 18:00:00+00:00,linear_interpolation,1
stanhope,relative_humidity_pct,2025-04-03 12:00:00+00:00,2025-04-03 12:00:00+00:00,linear_interpolation,1
stanhope,relative_humidity_pct,2025-04-23 09:00:00+00:00,2025-04-23 09:00:00+00:00,linear_interpolation,1
stanhope,relative_humidity_pct,2025-05-01 00:00:00+00:00,2025-05-01 00:00:00+00:00,linear_interpolation,1
stanhope,relative_humidity_pct,2025-05-15 20:00:00+00:00,2025-05-15 20:00:00+00:00,linear_interpolation,1
stanhope,relative_humidity_pct,2025-05-19 08:00:00+00:00,2025-05-19 08:00:00+00:00,linear_interpolation,1
stanhope,relative_humidity_pct,2025-05-28 04:00:00+00:00,2025-05-28 04:00:00+00:00,linear_interpolation,1
stanhope,relative_humidity_pct,2025-06-12 05:00:00+00:00,2025-06-12 05:00:00+00:00,linear_interpolation,1
stanhope,relative_humidity_pct,2025-07-09 12:00:00+00:00,2025-07-09 16:00:00+00:00,linear_interpolation,5
stanhope,relative_humidity_pct,2025-08-05 13:00:00+00:00,2025-08-05 13:00:00+00:00,linear_interpolation,1
stanhope,relative_humidity_pct,2025-08-17 17:00:00+00:00,2025-08-17 17:00:00+00:00,linear_interpolation,1
stanhope,wind_speed_kmh,2023-04-05 09:00:00+00:00,2023-04-05 09:00:00+00:00,linear_interpolation,1
stanhope,wind_speed_kmh,2023-04-05 11:00:00+00:00,2023-04-05 11:00:00+00:00,linear_interpolation,1
stanhope,wind_speed_kmh,2023-05-02 21:00:00+00:00,2023-05-02 23:00:00+00:00,linear_interpolation,3
stanhope,wind_speed_kmh,2023-06-18 13:00:00+00:00,2023-06-18 13:00:00+00:00,linear_interpolation,1
stanhope,wind_speed_kmh,2023-07-05 19:00:00+00:00,2023-07-05 21:00:00+00:00,linear_interpolation,3
stanhope,wind_speed_kmh,2023-07-14 11:00:00+00:00,2023-07-14 11:00:00+00:00,linear_interpolation,1
stanhope,wind_speed_kmh,2023-07-27 08:00:00+00:00,2023-07-27 11:00:00+00:00,linear_interpolation,4
stanhope,wind_speed_kmh,2023-08-14 08:00:00+00:00,2023-08-14 08:00:00+00:00,linear_interpolation,1
stanhope,wind_speed_kmh,2023-09-16 15:00:00+00:00,2023-09-16 17:00:00+00:00,linear_interpolation,3
stanhope,wind_speed_kmh,2023-10-18 14:00:00+00:00,2023-10-18 15:00:00+00:00,linear_interpolation,2
stanhope,wind_speed_kmh,2023-12-18 19:00:00+00:00,2023-12-18 22:00:00+00:00,linear_interpolation,4
stanhope,wind_speed_kmh,2023-12-19 00:00:00+00:00,2023-12-19 00:00:00+00:00,linear_interpolation,1
stanhope,wind_speed_kmh,2023-12-19 02:00:00+00:00,2023-12-19 03:00:00+00:00,linear_interpolation,2
stanhope,wind_speed_kmh,2024-01-10 18:00:00+00:00,2024-01-10 19:00:00+00:00,linear_interpolation,2
stanhope,wind_speed_kmh,2024-01-25 09:00:00+00:00,2024-01-25 13:00:00+00:00,linear_interpolation,5
stanhope,wind_speed_kmh,2024-02-13 18:00:00+00:00,2024-02-13 18:00:00+00:00,linear_interpolation,1
stanhope,wind_speed_kmh,2024-03-12 09:00:00+00:00,2024-03-12 09:00:00+00:00,linear_interpolation,1
stanhope,wind_speed_kmh,2024-06-25 12:00:00+00:00,2024-06-25 15:00:00+00:00,linear_interpolation,4
stanhope,wind_speed_kmh,2024-06-26 08:00:00+00:00,2024-06-26 15:00:00+00:00,preserve,8
stanhope,wind_speed_kmh,2024-06-27 08:00:00+00:00,2024-06-27 08:00:00+00:00,linear_interpolation,1
stanhope,wind_speed_kmh,2024-08-19 06:00:00+00:00,2024-08-19 06:00:00+00:00,linear_interpolation,1
stanhope,wind_speed_kmh,2024-09-28 15:00:00+00:00,2024-09-28 15:00:00+00:00,linear_interpolation,1
stanhope,wind_speed_kmh,2024-09-28 17:00:00+00:00,2024-09-28 17:00:00+00:00,linear_interpolation,1
stanhope,wind_speed_kmh,2024-09-29 05:00:00+00:00,2024-09-29 05:00:00+00:00,linear_interpolation,1
stanhope,wind_speed_kmh,2024-09-29 09:00:00+00:00,2024-09-29 09:00:00+00:00,linear_interpolation,1
stanhope,wind_speed_kmh,2024-09-29 23:00:00+00:00,2024-09-29 23:00:00+00:00,linear_interpolation,1
stanhope,wind_speed_kmh,2024-10-01 00:00:00+00:00,2024-10-01 00:00:00+00:00,linear_interpolation,1
stanhope,wind_speed_kmh,2024-11-14 03:00:00+00:00,2024-11-14 03:00:00+00:00,linear_interpolation,1
stanhope,wind_speed_kmh,2025-04-23 09:00:00+00:00,2025-04-23 09:00:00+00:00,linear_interpolation,1
stanhope,wind_speed_kmh,2025-05-01 00:00:00+00:00,2025-05-01 00:00:00+00:00,linear_interpolation,1
stanhope,wind_speed_kmh,2025-05-19 08:00:00+00:00,2025-05-19 08:00:00+00:00,linear_interpolation,1
stanhope,wind_speed_kmh,2025-05-28 04:00:00+00:00,2025-05-28 04:00:00+00:00,linear_interpolation,1
stanhope,wind_speed_kmh,2025-06-12 05:00:00+00:00,2025-06-12 05:00:00+00:00,linear_interpolation,1
stanhope,wind_speed_kmh,2025-07-09 12:00:00+00:00,2025-07-09 16:00:00+00:00,linear_interpolation,5
stanhope,wind_speed_kmh,2025-08-05 13:00:00+00:00,2025-08-05 13:00:00+00:00,linear_interpolation,1
stanhope,dew_point_c,2023-04-05 09:00:00+00:00,2023-04-05 09:00:00+00:00,linear_interpolation,1
stanhope,dew_point_c,2023-04-05 11:00:00+00:00,2023-04-05 11:00:00+00:00,linear_interpolation,1
stanhope,dew_point_c,2023-05-02 21:00:00+00:00,2023-05-02 23:00:00+00:00,linear_interpolation,3
stanhope,dew_point_c,2023-06-18 13:00:00+00:00,2023-06-18 13:00:00+00:00,linear_interpolation,1
stanhope,dew_point_c,2023-07-05 19:00:00+00:00,2023-07-05 21:00:00+00:00,linear_interpolation,3
stanhope,dew_point_c,2023-07-14 11:00:00+00:00,2023-07-14 11:00:00+00:00,linear_interpolation,1
stanhope,dew_point_c,2023-07-27 08:00:00+00:00,2023-07-27 11:00:00+00:00,linear_interpolation,4
stanhope,dew_point_c,2023-08-14 08:00:00+00:00,2023-08-14 08:00:00+00:00,linear_interpolation,1
stanhope,dew_point_c,2023-09-16 15:00:00+00:00,2023-09-16 17:00:00+00:00,linear_interpolation,3
stanhope,dew_point_c,2023-10-18 14:00:00+00:00,2023-10-18 15:00:00+00:00,linear_interpolation,2
stanhope,dew_point_c,2023-12-18 19:00:00+00:00,2023-12-18 22:00:00+00:00,linear_interpolation,4
stanhope,dew_point_c,2023-12-19 00:00:00+00:00,2023-12-19 00:00:00+00:00,linear_interpolation,1
stanhope,dew_point_c,2023-12-19 02:00:00+00:00,2023-12-19 03:00:00+00:00,linear_interpolation,2
stanhope,dew_point_c,2024-01-10 18:00:00+00:00,2024-01-10 19:00:00+00:00,linear_interpolation,2
stanhope,dew_point_c,2024-01-25 09:00:00+00:00,2024-01-25 13:00:00+00:00,linear_interpolation,5
stanhope,dew_point_c,2024-02-13 18:00:00+00:00,2024-02-13 18:00:00+00:00,linear_interpolation,1
stanhope,dew_point_c,2024-03-12 09:00:00+00:00,2024-03-12 09:00:00+00:00,linear_interpolation,1
stanhope,dew_point_c,2024-06-25 12:00:00+00:00,2024-06-25 15:00:00+00:00,linear_interpolation,4
stanhope,dew_point_c,2024-06-26 08:00:00+00:00,2024-06-26 15:00:00+00:00,preserve,8
stanhope,dew_point_c,2024-06-27 08:00:00+00:00,2024-06-27 08:00:00+00:00,linear_interpolation,1
stanhope,dew_point_c,2024-08-19 06:00:00+00:00,2024-08-19 06:00:00+00:00,linear_interpolation,1
stanhope,dew_point_c,2024-09-28 15:00:00+00:00,2024-09-28 15:00:00+00:00,linear_interpolation,1
stanhope,dew_point_c,2024-09-28 17:00:00+00:00,2024-09-28 17:00:00+00:00,linear_interpolation,1
stanhope,dew_point_c,2024-09-29 05:00:00+00:00,2024-09-29 05:00:00+00:00,linear_interpolation,1
stanhope,dew_point_c,2024-09-29 09:00:00+00:00,2024-09-29 09:00:00+00:00,linear_interpolation,1
stanhope,dew_point_c,2024-09-29 23:00:00+00:00,2024-09-29 23:00:00+00:00,linear_interpolation,1
stanhope,dew_point_c,2024-10-01 00:00:00+00:00,2024-10-01 00:00:00+00:00,linear_interpolation,1
stanhope,dew_point_c,2024-11-14 03:00:00+00:00,2024-11-14 03:00:00+00:00,linear_interpolation,1
stanhope,dew_point_c,2025-04-23 09:00:00+00:00,2025-04-23 09:00:00+00:00,linear_interpolation,1
stanhope,dew_point_c,2025-05-01 00:00:00+00:00,2025-05-01 00:00:00+00:00,linear_interpolation,1
stanhope,dew_point_c,2025-05-19 08:00:00+00:00,2025-05-19 08:00:00+00:00,linear_interpolation,1
stanhope,dew_point_c,2025-05-28 04:00:00+00:00,2025-05-28 04:00:00+00:00,linear_interpolation,1
stanhope,dew_point_c,2025-06-12 05:00:00+00:00,2025-06-12 05:00:00+00:00,linear_interpolation,1
stanhope,dew_point_c,2025-07-09 12:00:00+00:00,2025-07-09 16:00:00+00:00,linear_interpolation,5
stanhope,dew_point_c,2025-08-05 13:00:00+00:00,2025-08-05 13:00:00+00:00,linear_interpolation,1
stanhope,barometric_pressure_kpa,2023-04-01 00:00:00+00:00,2025-12-31 23:00:00+00:00,preserve,24144
stanhope,wind_direction_deg,2023-04-04 21:00:00+00:00,2023-04-04 21:00:00+00:00,linear_interpolation,1
stanhope,wind_direction_deg,2023-04-05 09:00:00+00:00,2023-04-05 09:00:00+00:00,linear_interpolation,1
stanhope,wind_direction_deg,2023-04-05 11:00:00+00:00,2023-04-05 11:00:00+00:00,linear_interpolation,1
stanhope,wind_direction_deg,2023-04-05 18:00:00+00:00,2023-04-05 18:00:00+00:00,linear_interpolation,1
stanhope,wind_direction_deg,2023-04-24 04:00:00+00:00,2023-04-24 05:00:00+00:00,linear_interpolation,2
stanhope,wind_direction_deg,2023-04-24 09:00:00+00:00,2023-04-24 09:00:00+00:00,linear_interpolation,1
stanhope,wind_direction_deg,2023-04-25 01:00:00+00:00,2023-04-25 01:00:00+00:00,linear_interpolation,1
stanhope,wind_direction_deg,2023-04-25 23:00:00+00:00,2023-04-26 07:00:00+00:00,preserve,9
stanhope,wind_direction_deg,2023-04-27 00:00:00+00:00,2023-04-27 01:00:00+00:00,linear_interpolation,2
stanhope,wind_direction_deg,2023-04-27 06:00:00+00:00,2023-04-27 06:00:00+00:00,linear_interpolation,1
stanhope,wind_direction_deg,2023-04-29 07:00:00+00:00,2023-04-29 07:00:00+00:00,linear_interpolation,1
stanhope,wind_direction_deg,2023-04-30 04:00:00+00:00,2023-04-30 04:00:00+00:00,linear_interpolation,1
stanhope,wind_direction_deg,2023-05-02 21:00:00+00:00,2023-05-02 23:00:00+00:00,linear_interpolation,3
stanhope,wind_direction_deg,2023-05-06 20:00:00+00:00,2023-05-06 20:00:00+00:00,linear_interpolation,1
stanhope,wind_direction_deg,2023-05-08 05:00:00+00:00,2023-05-08 07:00:00+00:00,linear_interpolation,3
stanhope,wind_direction_deg,2023-05-09 20:00:00+00:00,2023-05-09 20:00:00+00:00,linear_interpolation,1
stanhope,wind_direction_deg,2023-05-29 19:00:00+00:00,2023-05-29 20:00:00+00:00,linear_interpolation,2
stanhope,wind_direction_deg,2023-06-01 21:00:00+00:00,2023-06-01 22:00:00+00:00,linear_interpolation,2
stanhope,wind_direction_deg,2023-06-09 00:00:00+00:00,2023-06-09 00:00:00+00:00,linear_interpolation,1
stanhope,wind_direction_deg,2023-06-16 02:00:00+00:00,2023-06-16 02:00:00+00:00,linear_interpolation,1
stanhope,wind_direction_deg,2023-06-18 13:00:00+00:00,2023-06-18 13:00:00+00:00,linear_interpolation,1
stanhope,wind_direction_deg,2023-06-20 21:00:00+00:00,2023-06-20 22:00:00+00:00,linear_interpolation,2
stanhope,wind_direction_deg,2023-07-04 19:00:00+00:00,2023-07-04 20:00:00+00:00,linear_interpolation,2
stanhope,wind_direction_deg,2023-07-04 23:00:00+00:00,2023-07-05 00:00:00+00:00,linear_interpolation,2
stanhope,wind_direction_deg,2023-07-05 02:00:00+00:00,2023-07-05 02:00:00+00:00,linear_interpolation,1
stanhope,wind_direction_deg,2023-07-05 06:00:00+00:00,2023-07-05 06:00:00+00:00,linear_interpolation,1
stanhope,wind_direction_deg,2023-07-05 19:00:00+00:00,2023-07-05 21:00:00+00:00,linear_interpolation,3
stanhope,wind_direction_deg,2023-07-08 20:00:00+00:00,2023-07-08 20:00:00+00:00,linear_interpolation,1
stanhope,wind_direction_deg,2023-07-14 11:00:00+00:00,2023-07-14 11:00:00+00:00,linear_interpolation,1
stanhope,wind_direction_deg,2023-07-14 19:00:00+00:00,2023-07-14 19:00:00+00:00,linear_interpolation,1
stanhope,wind_direction_deg,2023-07-20 06:00:00+00:00,2023-07-20 06:00:00+00:00,linear_interpolation,1
stanhope,wind_direction_deg,2023-07-20 21:00:00+00:00,2023-07-20 22:00:00+00:00,linear_interpolation,2
stanhope,wind_direction_deg,2023-07-21 00:00:00+00:00,2023-07-21 00:00:00+00:00,linear_interpolation,1
stanhope,wind_direction_deg,2023-07-23 21:00:00+00:00,2023-07-23 21:00:00+00:00,linear_interpolation,1
stanhope,wind_direction_deg,2023-07-27 08:00:00+00:00,2023-07-27 11:00:00+00:00,linear_interpolation,4
stanhope,wind_direction_deg,2023-07-28 00:00:00+00:00,2023-07-28 01:00:00+00:00,linear_interpolation,2
stanhope,wind_direction_deg,2023-07-30 00:00:00+00:00,2023-07-30 01:00:00+00:00,linear_interpolation,2
stanhope,wind_direction_deg,2023-07-30 04:00:00+00:00,2023-07-30 04:00:00+00:00,linear_interpolation,1
stanhope,wind_direction_deg,2023-08-02 18:00:00+00:00,2023-08-02 19:00:00+00:00,linear_interpolation,2
stanhope,wind_direction_deg,2023-08-03 04:00:00+00:00,2023-08-03 04:00:00+00:00,linear_interpolation,1
stanhope,wind_direction_deg,2023-08-11 03:00:00+00:00,2023-08-11 03:00:00+00:00,linear_interpolation,1
stanhope,wind_direction_deg,2023-08-12 19:00:00+00:00,2023-08-12 19:00:00+00:00,linear_interpolation,1
stanhope,wind_direction_deg,2023-08-13 05:00:00+00:00,2023-08-13 05:00:00+00:00,linear_interpolation,1
stanhope,wind_direction_deg,2023-08-14 08:00:00+00:00,2023-08-14 08:00:00+00:00,linear_interpolation,1
stanhope,wind_direction_deg,2023-08-16 01:00:00+00:00,2023-08-16 01:00:00+00:00,linear_interpolation,1
stanhope,wind_direction_deg,2023-08-16 03:00:00+00:00,2023-08-16 04:00:00+00:00,linear_interpolation,2
stanhope,wind_direction_deg,2023-08-16 22:00:00+00:00,2023-08-16 22:00:00+00:00,linear_interpolation,1
stanhope,wind_direction_deg,2023-08-17 01:00:00+00:00,2023-08-17 02:00:00+00:00,linear_interpolation,2
stanhope,wind_direction_deg,2023-08-17 04:00:00+00:00,2023-08-17 04:00:00+00:00,linear_interpolation,1
stanhope,wind_direction_deg,2023-08-21 21:00:00+00:00,2023-08-21 21:00:00+00:00,linear_interpolation,1
stanhope,wind_direction_deg,2023-08-21 23:00:00+00:00,2023-08-21 23:00:00+00:00,linear_interpolation,1
stanhope,wind_direction_deg,2023-08-22 21:00:00+00:00,2023-08-22 21:00:00+00:00,linear_interpolation,1
stanhope,wind_direction_deg,2023-08-27 04:00:00+00:00,2023-08-27 04:00:00+00:00,linear_interpolation,1
stanhope,wind_direction_deg,2023-08-27 21:00:00+00:00,2023-08-27 21:00:00+00:00,linear_interpolation,1
stanhope,wind_direction_deg,2023-08-28 18:00:00+00:00,2023-08-28 18:00:00+00:00,linear_interpolation,1
stanhope,wind_direction_deg,2023-09-01 18:00:00+00:00,2023-09-01 18:00:00+00:00,linear_interpolation,1
stanhope,wind_direction_deg,2023-09-07 01:00:00+00:00,2023-09-07 01:00:00+00:00,linear_interpolation,1
stanhope,wind_direction_deg,2023-09-08 03:00:00+00:00,2023-09-08 04:00:00+00:00,linear_interpolation,2
stanhope,wind_direction_deg,2023-09-13 02:00:00+00:00,2023-09-13 04:00:00+00:00,linear_interpolation,3
stanhope,wind_direction_deg,2023-09-16 15:00:00+00:00,2023-09-16 17:00:00+00:00,linear_interpolation,3
stanhope,wind_direction_deg,2023-09-18 18:00:00+00:00,2023-09-18 18:00:00+00:00,linear_interpolation,1
stanhope,wind_direction_deg,2023-09-19 00:00:00+00:00,2023-09-19 00:00:00+00:00,linear_interpolation,1
stanhope,wind_direction_deg,2023-09-22 17:00:00+00:00,2023-09-22 18:00:00+00:00,linear_interpolation,2
stanhope,wind_direction_deg,2023-09-28 20:00:00+00:00,2023-09-28 20:00:00+00:00,linear_interpolation,1
stanhope,wind_direction_deg,2023-09-29 17:00:00+00:00,2023-09-29 18:00:00+00:00,linear_interpolation,2
stanhope,wind_direction_deg,2023-09-30 18:00:00+00:00,2023-09-30 19:00:00+00:00,linear_interpolation,2
stanhope,wind_direction_deg,2023-10-01 02:00:00+00:00,2023-10-01 02:00:00+00:00,linear_interpolation,1
stanhope,wind_direction_deg,2023-10-01 17:00:00+00:00,2023-10-01 18:00:00+00:00,linear_interpolation,2
stanhope,wind_direction_deg,2023-10-02 17:00:00+00:00,2023-10-02 17:00:00+00:00,linear_interpolation,1
stanhope,wind_direction_deg,2023-10-11 20:00:00+00:00,2023-10-11 20:00:00+00:00,linear_interpolation,1
stanhope,wind_direction_deg,2023-10-12 02:00:00+00:00,2023-10-12 03:00:00+00:00,linear_interpolation,2
stanhope,wind_direction_deg,2023-10-12 22:00:00+00:00,2023-10-12 23:00:00+00:00,linear_interpolation,2
stanhope,wind_direction_deg,2023-10-18 14:00:00+00:00,2023-10-18 15:00:00+00:00,linear_interpolation,2
stanhope,wind_direction_deg,2023-10-22 05:00:00+00:00,2023-10-22 06:00:00+00:00,linear_interpolation,2
stanhope,wind_direction_deg,2023-10-26 20:00:00+00:00,2023-10-26 20:00:00+00:00,linear_interpolation,1
stanhope,wind_direction_deg,2023-10-27 02:00:00+00:00,2023-10-27 02:00:00+00:00,linear_interpolation,1
stanhope,wind_direction_deg,2023-10-30 15:00:00+00:00,2023-10-30 16:00:00+00:00,linear_interpolation,2
stanhope,wind_direction_deg,2023-10-30 18:00:00+00:00,2023-10-30 18:00:00+00:00,linear_interpolation,1
stanhope,wind_direction_deg,2023-11-01 17:00:00+00:00,2023-11-01 17:00:00+00:00,linear_interpolation,1
stanhope,wind_direction_deg,2023-11-07 02:00:00+00:00,2023-11-07 02:00:00+00:00,linear_interpolation,1
stanhope,wind_direction_deg,2023-11-09 23:00:00+00:00,2023-11-09 23:00:00+00:00,linear_interpolation,1
stanhope,wind_direction_deg,2023-11-10 04:00:00+00:00,2023-11-10 04:00:00+00:00,linear_interpolation,1
stanhope,wind_direction_deg,2023-11-11 09:00:00+00:00,2023-11-11 09:00:00+00:00,linear_interpolation,1
stanhope,wind_direction_deg,2023-11-14 07:00:00+00:00,2023-11-14 07:00:00+00:00,linear_interpolation,1
stanhope,wind_direction_deg,2023-11-14 14:00:00+00:00,2023-11-14 14:00:00+00:00,linear_interpolation,1
stanhope,wind_direction_deg,2023-11-27 23:00:00+00:00,2023-11-27 23:00:00+00:00,linear_interpolation,1
stanhope,wind_direction_deg,2023-12-01 23:00:00+00:00,2023-12-01 23:00:00+00:00,linear_interpolation,1
stanhope,wind_direction_deg,2023-12-02 01:00:00+00:00,2023-12-02 03:00:00+00:00,linear_interpolation,3
stanhope,wind_direction_deg,2023-12-18 19:00:00+00:00,2023-12-18 22:00:00+00:00,linear_interpolation,4
stanhope,wind_direction_deg,2023-12-19 00:00:00+00:00,2023-12-19 00:00:00+00:00,linear_interpolation,1
stanhope,wind_direction_deg,2023-12-19 02:00:00+00:00,2023-12-19 03:00:00+00:00,linear_interpolation,2
stanhope,wind_direction_deg,2023-12-27 17:00:00+00:00,2023-12-27 17:00:00+00:00,linear_interpolation,1
stanhope,wind_direction_deg,2023-12-27 20:00:00+00:00,2023-12-27 23:00:00+00:00,linear_interpolation,4
stanhope,wind_direction_deg,2024-01-03 17:00:00+00:00,2024-01-03 17:00:00+00:00,linear_interpolation,1
stanhope,wind_direction_deg,2024-01-04 08:00:00+00:00,2024-01-04 09:00:00+00:00,linear_interpolation,2
stanhope,wind_direction_deg,2024-01-10 18:00:00+00:00,2024-01-10 19:00:00+00:00,linear_interpolation,2
stanhope,wind_direction_deg,2024-01-16 01:00:00+00:00,2024-01-16 01:00:00+00:00,linear_interpolation,1
stanhope,wind_direction_deg,2024-01-25 09:00:00+00:00,2024-01-25 13:00:00+00:00,linear_interpolation,5
stanhope,wind_direction_deg,2024-01-26 18:00:00+00:00,2024-01-26 18:00:00+00:00,linear_interpolation,1
stanhope,wind_direction_deg,2024-01-26 20:00:00+00:00,2024-01-26 20:00:00+00:00,linear_interpolation,1
stanhope,wind_direction_deg,2024-01-26 22:00:00+00:00,2024-01-26 23:00:00+00:00,linear_interpolation,2
stanhope,wind_direction_deg,2024-01-27 02:00:00+00:00,2024-01-27 02:00:00+00:00,linear_interpolation,1
stanhope,wind_direction_deg,2024-01-27 17:00:00+00:00,2024-01-27 19:00:00+00:00,linear_interpolation,3
stanhope,wind_direction_deg,2024-01-31 04:00:00+00:00,2024-01-31 04:00:00+00:00,linear_interpolation,1
stanhope,wind_direction_deg,2024-02-01 08:00:00+00:00,2024-02-01 08:00:00+00:00,linear_interpolation,1
stanhope,wind_direction_deg,2024-02-01 15:00:00+00:00,2024-02-01 15:00:00+00:00,linear_interpolation,1
stanhope,wind_direction_deg,2024-02-01 17:00:00+00:00,2024-02-01 17:00:00+00:00,linear_interpolation,1
stanhope,wind_direction_deg,2024-02-09 03:00:00+00:00,2024-02-09 03:00:00+00:00,linear_interpolation,1
stanhope,wind_direction_deg,2024-02-09 18:00:00+00:00,2024-02-09 18:00:00+00:00,linear_interpolation,1
stanhope,wind_direction_deg,2024-02-13 18:00:00+00:00,2024-02-13 18:00:00+00:00,linear_interpolation,1
stanhope,wind_direction_deg,2024-02-17 18:00:00+00:00,2024-02-17 18:00:00+00:00,linear_interpolation,1
stanhope,wind_direction_deg,2024-02-22 05:00:00+00:00,2024-02-22 05:00:00+00:00,linear_interpolation,1
stanhope,wind_direction_deg,2024-02-22 18:00:00+00:00,2024-02-22 18:00:00+00:00,linear_interpolation,1
stanhope,wind_direction_deg,2024-03-03 17:00:00+00:00,2024-03-03 17:00:00+00:00,linear_interpolation,1
stanhope,wind_direction_deg,2024-03-03 19:00:00+00:00,2024-03-03 19:00:00+00:00,linear_interpolation,1
stanhope,wind_direction_deg,2024-03-04 23:00:00+00:00,2024-03-04 23:00:00+00:00,linear_interpolation,1
stanhope,wind_direction_deg,2024-03-06 08:00:00+00:00,2024-03-06 08:00:00+00:00,linear_interpolation,1
stanhope,wind_direction_deg,2024-03-09 19:00:00+00:00,2024-03-09 19:00:00+00:00,linear_interpolation,1
stanhope,wind_direction_deg,2024-03-12 09:00:00+00:00,2024-03-12 09:00:00+00:00,linear_interpolation,1
stanhope,wind_direction_deg,2024-03-14 20:00:00+00:00,2024-03-14 21:00:00+00:00,linear_interpolation,2
stanhope,wind_direction_deg,2024-03-15 20:00:00+00:00,2024-03-15 21:00:00+00:00,linear_interpolation,2
stanhope,wind_direction_deg,2024-03-16 17:00:00+00:00,2024-03-16 17:00:00+00:00,linear_interpolation,1
stanhope,wind_direction_deg,2024-03-28 15:00:00+00:00,2024-03-28 15:00:00+00:00,linear_interpolation,1
stanhope,wind_direction_deg,2024-03-28 20:00:00+00:00,2024-03-28 20:00:00+00:00,linear_interpolation,1
stanhope,wind_direction_deg,2024-03-29 00:00:00+00:00,2024-03-29 01:00:00+00:00,linear_interpolation,2
stanhope,wind_direction_deg,2024-03-29 06:00:00+00:00,2024-03-29 06:00:00+00:00,linear_interpolation,1
stanhope,wind_direction_deg,2024-03-29 08:00:00+00:00,2024-03-29 08:00:00+00:00,linear_interpolation,1
stanhope,wind_direction_deg,2024-03-29 13:00:00+00:00,2024-03-29 13:00:00+00:00,linear_interpolation,1
stanhope,wind_direction_deg,2024-03-29 16:00:00+00:00,2024-03-29 16:00:00+00:00,linear_interpolation,1
stanhope,wind_direction_deg,2024-03-31 19:00:00+00:00,2024-03-31 19:00:00+00:00,linear_interpolation,1
stanhope,wind_direction_deg,2024-04-01 19:00:00+00:00,2024-04-01 19:00:00+00:00,linear_interpolation,1
stanhope,wind_direction_deg,2024-04-01 23:00:00+00:00,2024-04-01 23:00:00+00:00,linear_interpolation,1
stanhope,wind_direction_deg,2024-04-10 00:00:00+00:00,2024-04-10 00:00:00+00:00,linear_interpolation,1
stanhope,wind_direction_deg,2024-04-15 23:00:00+00:00,2024-04-15 23:00:00+00:00,linear_interpolation,1
stanhope,wind_direction_deg,2024-04-21 01:00:00+00:00,2024-04-21 01:00:00+00:00,linear_interpolation,1
stanhope,wind_direction_deg,2024-04-24 19:00:00+00:00,2024-04-24 19:00:00+00:00,linear_interpolation,1
stanhope,wind_direction_deg,2024-04-26 21:00:00+00:00,2024-04-26 21:00:00+00:00,linear_interpolation,1
stanhope,wind_direction_deg,2024-04-27 03:00:00+00:00,2024-04-27 05:00:00+00:00,linear_interpolation,3
stanhope,wind_direction_deg,2024-04-28 19:00:00+00:00,2024-04-28 19:00:00+00:00,linear_interpolation,1
stanhope,wind_direction_deg,2024-04-29 01:00:00+00:00,2024-04-29 01:00:00+00:00,linear_interpolation,1
stanhope,wind_direction_deg,2024-04-29 06:00:00+00:00,2024-04-29 06:00:00+00:00,linear_interpolation,1
stanhope,wind_direction_deg,2024-05-05 05:00:00+00:00,2024-05-05 05:00:00+00:00,linear_interpolation,1
stanhope,wind_direction_deg,2024-05-05 07:00:00+00:00,2024-05-05 07:00:00+00:00,linear_interpolation,1
stanhope,wind_direction_deg,2024-05-11 02:00:00+00:00,2024-05-11 02:00:00+00:00,linear_interpolation,1
stanhope,wind_direction_deg,2024-05-13 02:00:00+00:00,2024-05-13 02:00:00+00:00,linear_interpolation,1
stanhope,wind_direction_deg,2024-05-13 06:00:00+00:00,2024-05-13 06:00:00+00:00,linear_interpolation,1
stanhope,wind_direction_deg,2024-05-18 05:00:00+00:00,2024-05-18 05:00:00+00:00,linear_interpolation,1
stanhope,wind_direction_deg,2024-05-22 03:00:00+00:00,2024-05-22 03:00:00+00:00,linear_interpolation,1
stanhope,wind_direction_deg,2024-05-23 18:00:00+00:00,2024-05-23 18:00:00+00:00,linear_interpolation,1
stanhope,wind_direction_deg,2024-05-23 20:00:00+00:00,2024-05-23 20:00:00+00:00,linear_interpolation,1
stanhope,wind_direction_deg,2024-05-24 23:00:00+00:00,2024-05-24 23:00:00+00:00,linear_interpolation,1
stanhope,wind_direction_deg,2024-05-29 23:00:00+00:00,2024-05-29 23:00:00+00:00,linear_interpolation,1
stanhope,wind_direction_deg,2024-05-31 03:00:00+00:00,2024-05-31 03:00:00+00:00,linear_interpolation,1
stanhope,wind_direction_deg,2024-05-31 08:00:00+00:00,2024-05-31 08:00:00+00:00,linear_interpolation,1
stanhope,wind_direction_deg,2024-06-07 04:00:00+00:00,2024-06-07 04:00:00+00:00,linear_interpolation,1
stanhope,wind_direction_deg,2024-06-11 23:00:00+00:00,2024-06-11 23:00:00+00:00,linear_interpolation,1
stanhope,wind_direction_deg,2024-06-12 02:00:00+00:00,2024-06-12 02:00:00+00:00,linear_interpolation,1
stanhope,wind_direction_deg,2024-06-15 06:00:00+00:00,2024-06-15 06:00:00+00:00,linear_interpolation,1
stanhope,wind_direction_deg,2024-06-15 08:00:00+00:00,2024-06-15 08:00:00+00:00,linear_interpolation,1
stanhope,wind_direction_deg,2024-06-21 19:00:00+00:00,2024-06-21 19:00:00+00:00,linear_interpolation,1
stanhope,wind_direction_deg,2024-06-25 12:00:00+00:00,2024-06-25 15:00:00+00:00,linear_interpolation,4
stanhope,wind_direction_deg,2024-06-26 08:00:00+00:00,2024-06-26 15:00:00+00:00,preserve,8
stanhope,wind_direction_deg,2024-06-27 08:00:00+00:00,2024-06-27 08:00:00+00:00,linear_interpolation,1
stanhope,wind_direction_deg,2024-06-28 20:00:00+00:00,2024-06-28 21:00:00+00:00,linear_interpolation,2
stanhope,wind_direction_deg,2024-07-01 21:00:00+00:00,2024-07-01 22:00:00+00:00,linear_interpolation,2
stanhope,wind_direction_deg,2024-07-02 01:00:00+00:00,2024-07-02 01:00:00+00:00,linear_interpolation,1
stanhope,wind_direction_deg,2024-07-02 18:00:00+00:00,2024-07-02 18:00:00+00:00,linear_interpolation,1
stanhope,wind_direction_deg,2024-07-02 22:00:00+00:00,2024-07-02 23:00:00+00:00,linear_interpolation,2
stanhope,wind_direction_deg,2024-07-03 04:00:00+00:00,2024-07-03 04:00:00+00:00,linear_interpolation,1
stanhope,wind_direction_deg,2024-07-03 07:00:00+00:00,2024-07-03 08:00:00+00:00,linear_interpolation,2
stanhope,wind_direction_deg,2024-07-08 00:00:00+00:00,2024-07-08 00:00:00+00:00,linear_interpolation,1
stanhope,wind_direction_deg,2024-07-10 20:00:00+00:00,2024-07-10 20:00:00+00:00,linear_interpolation,1
stanhope,wind_direction_deg,2024-07-11 00:00:00+00:00,2024-07-11 00:00:00+00:00,linear_interpolation,1
stanhope,wind_direction_deg,2024-07-11 20:00:00+00:00,2024-07-11 20:00:00+00:00,linear_interpolation,1
stanhope,wind_direction_deg,2024-07-12 16:00:00+00:00,2024-07-12 16:00:00+00:00,linear_interpolation,1
stanhope,wind_direction_deg,2024-07-16 20:00:00+00:00,2024-07-16 20:00:00+00:00,linear_interpolation,1
stanhope,wind_direction_deg,2024-07-24 02:00:00+00:00,2024-07-24 03:00:00+00:00,linear_interpolation,2
stanhope,wind_direction_deg,2024-07-27 07:00:00+00:00,2024-07-27 07:00:00+00:00,linear_interpolation,1
stanhope,wind_direction_deg,2024-08-02 20:00:00+00:00,2024-08-02 20:00:00+00:00,linear_interpolation,1
stanhope,wind_direction_deg,2024-08-05 19:00:00+00:00,2024-08-05 19:00:00+00:00,linear_interpolation,1
stanhope,wind_direction_deg,2024-08-05 23:00:00+00:00,2024-08-05 23:00:00+00:00,linear_interpolation,1
stanhope,wind_direction_deg,2024-08-11 17:00:00+00:00,2024-08-11 17:00:00+00:00,linear_interpolation,1
stanhope,wind_direction_deg,2024-08-14 21:00:00+00:00,2024-08-14 22:00:00+00:00,linear_interpolation,2
stanhope,wind_direction_deg,2024-08-16 11:00:00+00:00,2024-08-16 11:00:00+00:00,linear_interpolation,1
stanhope,wind_direction_deg,2024-08-17 06:00:00+00:00,2024-08-17 06:00:00+00:00,linear_interpolation,1
stanhope,wind_direction_deg,2024-08-19 06:00:00+00:00,2024-08-19 06:00:00+00:00,linear_interpolation,1
stanhope,wind_direction_deg,2024-08-19 08:00:00+00:00,2024-08-19 09:00:00+00:00,linear_interpolation,2
stanhope,wind_direction_deg,2024-08-22 23:00:00+00:00,2024-08-22 23:00:00+00:00,linear_interpolation,1
stanhope,wind_direction_deg,2024-08-30 15:00:00+00:00,2024-08-30 15:00:00+00:00,linear_interpolation,1
stanhope,wind_direction_deg,2024-09-04 18:00:00+00:00,2024-09-04 18:00:00+00:00,linear_interpolation,1
stanhope,wind_direction_deg,2024-09-11 19:00:00+00:00,2024-09-11 19:00:00+00:00,linear_interpolation,1
stanhope,wind_direction_deg,2024-09-12 07:00:00+00:00,2024-09-12 07:00:00+00:00,linear_interpolation,1
stanhope,wind_direction_deg,2024-09-22 01:00:00+00:00,2024-09-22 03:00:00+00:00,linear_interpolation,3
stanhope,wind_direction_deg,2024-09-22 05:00:00+00:00,2024-09-22 05:00:00+00:00,linear_interpolation,1
stanhope,wind_direction_deg,2024-09-22 08:00:00+00:00,2024-09-22 08:00:00+00:00,linear_interpolation,1
stanhope,wind_direction_deg,2024-09-23 07:00:00+00:00,2024-09-23 07:00:00+00:00,linear_interpolation,1
stanhope,wind_direction_deg,2024-09-25 07:00:00+00:00,2024-09-25 07:00:00+00:00,linear_interpolation,1
stanhope,wind_direction_deg,2024-09-26 01:00:00+00:00,2024-09-26 02:00:00+00:00,linear_interpolation,2
stanhope,wind_direction_deg,2024-09-28 15:00:00+00:00,2024-09-28 15:00:00+00:00,linear_interpolation,1
stanhope,wind_direction_deg,2024-09-28 17:00:00+00:00,2024-09-28 17:00:00+00:00,linear_interpolation,1
stanhope,wind_direction_deg,2024-09-29 05:00:00+00:00,2024-09-29 05:00:00+00:00,linear_interpolation,1
stanhope,wind_direction_deg,2024-09-29 09:00:00+00:00,2024-09-29 09:00:00+00:00,linear_interpolation,1
stanhope,wind_direction_deg,2024-09-29 19:00:00+00:00,2024-09-29 19:00:00+00:00,linear_interpolation,1
stanhope,wind_direction_deg,2024-09-29 23:00:00+00:00,2024-09-29 23:00:00+00:00,linear_interpolation,1
stanhope,wind_direction_deg,2024-10-01 00:00:00+00:00,2024-10-01 00:00:00+00:00,linear_interpolation,1
stanhope,wind_direction_deg,2024-10-03 07:00:00+00:00,2024-10-03 08:00:00+00:00,linear_interpolation,2
stanhope,wind_direction_deg,2024-10-04 23:00:00+00:00,2024-10-05 02:00:00+00:00,linear_interpolation,4
stanhope,wind_direction_deg,2024-10-05 04:00:00+00:00,2024-10-05 04:00:00+00:00,linear_interpolation,1
stanhope,wind_direction_deg,2024-10-05 07:00:00+00:00,2024-10-05 07:00:00+00:00,linear_interpolation,1
stanhope,wind_direction_deg,2024-10-05 16:00:00+00:00,2024-10-05 16:00:00+00:00,linear_interpolation,1
stanhope,wind_direction_deg,2024-10-05 19:00:00+00:00,2024-10-05 19:00:00+00:00,linear_interpolation,1
stanhope,wind_direction_deg,2024-10-06 00:00:00+00:00,2024-10-06 01:00:00+00:00,linear_interpolation,2
stanhope,wind_direction_deg,2024-10-09 18:00:00+00:00,2024-10-09 18:00:00+00:00,linear_interpolation,1
stanhope,wind_direction_deg,2024-10-18 19:00:00+00:00,2024-10-18 19:00:00+00:00,linear_interpolation,1
stanhope,wind_direction_deg,2024-11-12 08:00:00+00:00,2024-11-12 08:00:00+00:00,linear_interpolation,1
stanhope,wind_direction_deg,2024-11-12 10:00:00+00:00,2024-11-12 10:00:00+00:00,linear_interpolation,1
stanhope,wind_direction_deg,2024-11-14 03:00:00+00:00,2024-11-14 03:00:00+00:00,linear_interpolation,1
stanhope,wind_direction_deg,2024-11-24 06:00:00+00:00,2024-11-24 06:00:00+00:00,linear_interpolation,1
stanhope,wind_direction_deg,2024-11-28 13:00:00+00:00,2024-11-28 13:00:00+00:00,linear_interpolation,1
stanhope,wind_direction_deg,2024-12-01 23:00:00+00:00,2024-12-01 23:00:00+00:00,linear_interpolation,1
stanhope,wind_direction_deg,2024-12-04 22:00:00+00:00,2024-12-04 23:00:00+00:00,linear_interpolation,2
stanhope,wind_direction_deg,2024-12-10 09:00:00+00:00,2024-12-10 09:00:00+00:00,linear_interpolation,1
stanhope,wind_direction_deg,2024-12-20 13:00:00+00:00,2024-12-20 13:00:00+00:00,linear_interpolation,1
stanhope,wind_direction_deg,2024-12-28 18:00:00+00:00,2024-12-28 18:00:00+00:00,linear_interpolation,1
stanhope,wind_direction_deg,2024-12-29 22:00:00+00:00,2024-12-29 22:00:00+00:00,linear_interpolation,1
stanhope,wind_direction_deg,2024-12-30 00:00:00+00:00,2024-12-30 01:00:00+00:00,linear_interpolation,2
stanhope,wind_direction_deg,2025-01-01 06:00:00+00:00,2025-01-01 06:00:00+00:00,linear_interpolation,1
stanhope,wind_direction_deg,2025-01-14 16:00:00+00:00,2025-01-14 16:00:00+00:00,linear_interpolation,1
stanhope,wind_direction_deg,2025-01-17 04:00:00+00:00,2025-01-17 04:00:00+00:00,linear_interpolation,1
stanhope,wind_direction_deg,2025-01-21 17:00:00+00:00,2025-01-21 17:00:00+00:00,linear_interpolation,1
stanhope,wind_direction_deg,2025-02-12 22:00:00+00:00,2025-02-12 22:00:00+00:00,linear_interpolation,1
stanhope,wind_direction_deg,2025-02-13 05:00:00+00:00,2025-02-13 05:00:00+00:00,linear_interpolation,1
stanhope,wind_direction_deg,2025-02-14 01:00:00+00:00,2025-02-14 01:00:00+00:00,linear_interpolation,1
stanhope,wind_direction_deg,2025-02-20 23:00:00+00:00,2025-02-21 00:00:00+00:00,linear_interpolation,2
stanhope,wind_direction_deg,2025-02-26 06:00:00+00:00,2025-02-26 08:00:00+00:00,linear_interpolation,3
stanhope,wind_direction_deg,2025-03-18 15:00:00+00:00,2025-03-18 15:00:00+00:00,linear_interpolation,1
stanhope,wind_direction_deg,2025-03-18 18:00:00+00:00,2025-03-19 14:00:00+00:00,preserve,21
stanhope,wind_direction_deg,2025-03-21 23:00:00+00:00,2025-03-22 00:00:00+00:00,linear_interpolation,2
stanhope,wind_direction_deg,2025-03-25 05:00:00+00:00,2025-03-25 05:00:00+00:00,linear_interpolation,1
stanhope,wind_direction_deg,2025-03-25 18:00:00+00:00,2025-03-25 18:00:00+00:00,linear_interpolation,1
stanhope,wind_direction_deg,2025-03-27 05:00:00+00:00,2025-03-27 05:00:00+00:00,linear_interpolation,1
stanhope,wind_direction_deg,2025-03-30 00:00:00+00:00,2025-03-30 00:00:00+00:00,linear_interpolation,1
stanhope,wind_direction_deg,2025-03-30 07:00:00+00:00,2025-03-30 07:00:00+00:00,linear_interpolation,1
stanhope,wind_direction_deg,2025-04-04 02:00:00+00:00,2025-04-04 02:00:00+00:00,linear_interpolation,1
stanhope,wind_direction_deg,2025-04-04 04:00:00+00:00,2025-04-04 04:00:00+00:00,linear_interpolation,1
stanhope,wind_direction_deg,2025-04-11 18:00:00+00:00,2025-04-11 21:00:00+00:00,linear_interpolation,4
stanhope,wind_direction_deg,2025-04-12 01:00:00+00:00,2025-04-12 01:00:00+00:00,linear_interpolation,1
stanhope,wind_direction_deg,2025-04-12 03:00:00+00:00,2025-04-12 07:00:00+00:00,linear_interpolation,5
stanhope,wind_direction_deg,2025-04-22 00:00:00+00:00,2025-04-22 00:00:00+00:00,linear_interpolation,1
stanhope,wind_direction_deg,2025-04-22 06:00:00+00:00,2025-04-22 07:00:00+00:00,linear_interpolation,2
stanhope,wind_direction_deg,2025-04-23 09:00:00+00:00,2025-04-23 09:00:00+00:00,linear_interpolation,1
stanhope,wind_direction_deg,2025-04-26 03:00:00+00:00,2025-04-26 03:00:00+00:00,linear_interpolation,1
stanhope,wind_direction_deg,2025-04-26 05:00:00+00:00,2025-04-26 05:00:00+00:00,linear_interpolation,1
stanhope,wind_direction_deg,2025-04-29 03:00:00+00:00,2025-04-29 03:00:00+00:00,linear_interpolation,1
stanhope,wind_direction_deg,2025-05-01 00:00:00+00:00,2025-05-01 00:00:00+00:00,linear_interpolation,1
stanhope,wind_direction_deg,2025-05-01 20:00:00+00:00,2025-05-01 21:00:00+00:00,linear_interpolation,2
stanhope,wind_direction_deg,2025-05-03 19:00:00+00:00,2025-05-03 19:00:00+00:00,linear_interpolation,1
stanhope,wind_direction_deg,2025-05-04 04:00:00+00:00,2025-05-04 05:00:00+00:00,linear_interpolation,2
stanhope,wind_direction_deg,2025-05-04 07:00:00+00:00,2025-05-04 08:00:00+00:00,linear_interpolation,2
stanhope,wind_direction_deg,2025-05-15 23:00:00+00:00,2025-05-15 23:00:00+00:00,linear_interpolation,1
stanhope,wind_direction_deg,2025-05-16 05:00:00+00:00,2025-05-16 06:00:00+00:00,linear_interpolation,2
stanhope,wind_direction_deg,2025-05-19 07:00:00+00:00,2025-05-19 08:00:00+00:00,linear_interpolation,2
stanhope,wind_direction_deg,2025-05-24 20:00:00+00:00,2025-05-24 21:00:00+00:00,linear_interpolation,2
stanhope,wind_direction_deg,2025-05-25 06:00:00+00:00,2025-05-25 06:00:00+00:00,linear_interpolation,1
stanhope,wind_direction_deg,2025-05-26 20:00:00+00:00,2025-05-26 20:00:00+00:00,linear_interpolation,1
stanhope,wind_direction_deg,2025-05-26 22:00:00+00:00,2025-05-26 22:00:00+00:00,linear_interpolation,1
stanhope,wind_direction_deg,2025-05-27 18:00:00+00:00,2025-05-27 19:00:00+00:00,linear_interpolation,2
stanhope,wind_direction_deg,2025-05-28 04:00:00+00:00,2025-05-28 04:00:00+00:00,linear_interpolation,1
stanhope,wind_direction_deg,2025-05-28 17:00:00+00:00,2025-05-28 17:00:00+00:00,linear_interpolation,1
stanhope,wind_direction_deg,2025-06-06 21:00:00+00:00,2025-06-06 21:00:00+00:00,linear_interpolation,1
stanhope,wind_direction_deg,2025-06-06 23:00:00+00:00,2025-06-06 23:00:00+00:00,linear_interpolation,1
stanhope,wind_direction_deg,2025-06-07 03:00:00+00:00,2025-06-07 03:00:00+00:00,linear_interpolation,1
stanhope,wind_direction_deg,2025-06-07 09:00:00+00:00,2025-06-07 09:00:00+00:00,linear_interpolation,1
stanhope,wind_direction_deg,2025-06-12 05:00:00+00:00,2025-06-12 05:00:00+00:00,linear_interpolation,1
stanhope,wind_direction_deg,2025-06-14 21:00:00+00:00,2025-06-14 23:00:00+00:00,linear_interpolation,3
stanhope,wind_direction_deg,2025-06-15 09:00:00+00:00,2025-06-15 09:00:00+00:00,linear_interpolation,1
stanhope,wind_direction_deg,2025-06-21 19:00:00+00:00,2025-06-21 19:00:00+00:00,linear_interpolation,1
stanhope,wind_direction_deg,2025-06-23 20:00:00+00:00,2025-06-23 20:00:00+00:00,linear_interpolation,1
stanhope,wind_direction_deg,2025-07-03 20:00:00+00:00,2025-07-03 20:00:00+00:00,linear_interpolation,1
stanhope,wind_direction_deg,2025-07-04 09:00:00+00:00,2025-07-04 09:00:00+00:00,linear_interpolation,1
stanhope,wind_direction_deg,2025-07-09 01:00:00+00:00,2025-07-09 02:00:00+00:00,linear_interpolation,2
stanhope,wind_direction_deg,2025-07-09 12:00:00+00:00,2025-07-09 16:00:00+00:00,linear_interpolation,5
stanhope,wind_direction_deg,2025-07-09 20:00:00+00:00,2025-07-09 20:00:00+00:00,linear_interpolation,1
stanhope,wind_direction_deg,2025-07-10 04:00:00+00:00,2025-07-10 04:00:00+00:00,linear_interpolation,1
stanhope,wind_direction_deg,2025-07-10 07:00:00+00:00,2025-07-10 07:00:00+00:00,linear_interpolation,1
stanhope,wind_direction_deg,2025-07-11 01:00:00+00:00,2025-07-11 01:00:00+00:00,linear_interpolation,1
stanhope,wind_direction_deg,2025-07-11 20:00:00+00:00,2025-07-11 20:00:00+00:00,linear_interpolation,1
stanhope,wind_direction_deg,2025-07-11 22:00:00+00:00,2025-07-11 22:00:00+00:00,linear_interpolation,1
stanhope,wind_direction_deg,2025-07-12 01:00:00+00:00,2025-07-12 01:00:00+00:00,linear_interpolation,1
stanhope,wind_direction_deg,2025-07-12 05:00:00+00:00,2025-07-12 06:00:00+00:00,linear_interpolation,2
stanhope,wind_direction_deg,2025-07-16 08:00:00+00:00,2025-07-16 08:00:00+00:00,linear_interpolation,1
stanhope,wind_direction_deg,2025-07-25 22:00:00+00:00,2025-07-25 22:00:00+00:00,linear_interpolation,1
stanhope,wind_direction_deg,2025-07-28 21:00:00+00:00,2025-07-28 21:00:00+00:00,linear_interpolation,1
stanhope,wind_direction_deg,2025-07-29 21:00:00+00:00,2025-07-29 21:00:00+00:00,linear_interpolation,1
stanhope,wind_direction_deg,2025-07-30 05:00:00+00:00,2025-07-30 05:00:00+00:00,linear_interpolation,1
stanhope,wind_direction_deg,2025-07-31 03:00:00+00:00,2025-07-31 04:00:00+00:00,linear_interpolation,2
stanhope,wind_direction_deg,2025-08-05 07:00:00+00:00,2025-08-05 07:00:00+00:00,linear_interpolation,1
stanhope,wind_direction_deg,2025-08-05 13:00:00+00:00,2025-08-05 13:00:00+00:00,linear_interpolation,1
stanhope,wind_direction_deg,2025-08-12 10:00:00+00:00,2025-08-12 10:00:00+00:00,linear_interpolation,1
stanhope,wind_direction_deg,2025-08-12 19:00:00+00:00,2025-08-12 19:00:00+00:00,linear_interpolation,1
stanhope,wind_direction_deg,2025-08-14 19:00:00+00:00,2025-08-14 21:00:00+00:00,linear_interpolation,3
stanhope,wind_direction_deg,2025-08-16 02:00:00+00:00,2025-08-16 02:00:00+00:00,linear_interpolation,1
stanhope,wind_direction_deg,2025-08-20 22:00:00+00:00,2025-08-20 22:00:00+00:00,linear_interpolation,1
stanhope,wind_direction_deg,2025-08-22 02:00:00+00:00,2025-08-22 02:00:00+00:00,linear_interpolation,1
stanhope,wind_direction_deg,2025-08-27 23:00:00+00:00,2025-08-27 23:00:00+00:00,linear_interpolation,1
stanhope,wind_direction_deg,2025-08-30 02:00:00+00:00,2025-08-30 02:00:00+00:00,linear_interpolation,1
stanhope,wind_direction_deg,2025-08-30 08:00:00+00:00,2025-08-30 08:00:00+00:00,linear_interpolation,1
stanhope,wind_direction_deg,2025-09-01 19:00:00+00:00,2025-09-01 20:00:00+00:00,linear_interpolation,2
stanhope,wind_direction_deg,2025-09-02 02:00:00+00:00,2025-09-02 02:00:00+00:00,linear_interpolation,1
stanhope,wind_direction_deg,2025-09-02 07:00:00+00:00,2025-09-02 07:00:00+00:00,linear_interpolation,1
stanhope,wind_direction_deg,2025-09-02 09:00:00+00:00,2025-09-02 09:00:00+00:00,linear_interpolation,1
stanhope,wind_direction_deg,2025-09-02 19:00:00+00:00,2025-09-02 20:00:00+00:00,linear_interpolation,2
stanhope,wind_direction_deg,2025-09-07 20:00:00+00:00,2025-09-07 21:00:00+00:00,linear_interpolation,2
stanhope,wind_direction_deg,2025-09-11 04:00:00+00:00,2025-09-11 08:00:00+00:00,linear_interpolation,5
stanhope,wind_direction_deg,2025-09-14 19:00:00+00:00,2025-09-14 19:00:00+00:00,linear_interpolation,1
stanhope,wind_direction_deg,2025-09-15 18:00:00+00:00,2025-09-15 20:00:00+00:00,linear_interpolation,3
stanhope,wind_direction_deg,2025-09-16 01:00:00+00:00,2025-09-16 02:00:00+00:00,linear_interpolation,2
stanhope,wind_direction_deg,2025-09-16 20:00:00+00:00,2025-09-16 20:00:00+00:00,linear_interpolation,1
stanhope,wind_direction_deg,2025-09-24 21:00:00+00:00,2025-09-24 21:00:00+00:00,linear_interpolation,1
stanhope,wind_direction_deg,2025-10-12 23:00:00+00:00,2025-10-12 23:00:00+00:00,linear_interpolation,1
stanhope,wind_direction_deg,2025-10-14 16:00:00+00:00,2025-10-14 18:00:00+00:00,linear_interpolation,3
stanhope,wind_direction_deg,2025-10-14 23:00:00+00:00,2025-10-14 23:00:00+00:00,linear_interpolation,1
stanhope,wind_direction_deg,2025-10-15 05:00:00+00:00,2025-10-15 05:00:00+00:00,linear_interpolation,1
stanhope,wind_direction_deg,2025-10-19 22:00:00+00:00,2025-10-19 22:00:00+00:00,linear_interpolation,1
stanhope,wind_direction_deg,2025-10-20 06:00:00+00:00,2025-10-20 09:00:00+00:00,linear_interpolation,4
stanhope,wind_direction_deg,2025-10-25 06:00:00+00:00,2025-10-25 07:00:00+00:00,linear_interpolation,2
stanhope,wind_direction_deg,2025-10-26 17:00:00+00:00,2025-10-26 19:00:00+00:00,linear_interpolation,3
stanhope,wind_direction_deg,2025-10-26 21:00:00+00:00,2025-10-26 22:00:00+00:00,linear_interpolation,2
stanhope,wind_direction_deg,2025-10-29 09:00:00+00:00,2025-10-29 09:00:00+00:00,linear_interpolation,1
stanhope,wind_direction_deg,2025-11-04 07:00:00+00:00,2025-11-04 07:00:00+00:00,linear_interpolation,1
stanhope,wind_direction_deg,2025-11-08 02:00:00+00:00,2025-11-08 02:00:00+00:00,linear_interpolation,1
stanhope,wind_direction_deg,2025-11-09 21:00:00+00:00,2025-11-09 21:00:00+00:00,linear_interpolation,1
stanhope,wind_direction_deg,2025-11-13 03:00:00+00:00,2025-11-13 03:00:00+00:00,linear_interpolation,1
stanhope,wind_direction_deg,2025-11-13 06:00:00+00:00,2025-11-13 06:00:00+00:00,linear_interpolation,1
stanhope,wind_direction_deg,2025-11-13 08:00:00+00:00,2025-11-13 08:00:00+00:00,linear_interpolation,1
stanhope,wind_direction_deg,2025-11-13 10:00:00+00:00,2025-11-13 10:00:00+00:00,linear_interpolation,1
stanhope,wind_direction_deg,2025-11-21 02:00:00+00:00,2025-11-21 04:00:00+00:00,linear_interpolation,3
stanhope,wind_direction_deg,2025-11-21 07:00:00+00:00,2025-11-21 07:00:00+00:00,linear_interpolation,1
stanhope,wind_direction_deg,2025-11-21 15:00:00+00:00,2025-11-21 15:00:00+00:00,linear_interpolation,1
stanhope,wind_direction_deg,2025-11-21 17:00:00+00:00,2025-11-21 18:00:00+00:00,linear_interpolation,2
stanhope,wind_direction_deg,2025-11-23 17:00:00+00:00,2025-11-23 17:00:00+00:00,linear_interpolation,1
stanhope,wind_direction_deg,2025-12-02 16:00:00+00:00,2025-12-02 16:00:00+00:00,linear_interpolation,1
stanhope,wind_direction_deg,2025-12-10 18:00:00+00:00,2025-12-10 18:00:00+00:00,linear_interpolation,1
stanhope,wind_direction_deg,2025-12-14 03:00:00+00:00,2025-12-14 07:00:00+00:00,linear_interpolation,5
stanhope,wind_direction_deg,2025-12-29 09:00:00+00:00,2025-12-29 09:00:00+00:00,linear_interpolation,1
stanhope,wind_direction_deg,2025-12-31 20:00:00+00:00,2025-12-31 20:00:00+00:00,linear_interpolation,1
greenwich,air_temperature_c,2023-04-23 04:00:00+00:00,2023-04-23 04:00:00+00:00,linear_interpolation,1
greenwich,air_temperature_c,2023-04-25 18:00:00+00:00,2024-01-01 03:00:00+00:00,preserve,6010
greenwich,air_temperature_c,2024-01-01 06:00:00+00:00,2024-03-14 15:00:00+00:00,preserve,1762
greenwich,air_temperature_c,2024-03-28 12:00:00+00:00,2024-03-28 13:00:00+00:00,linear_interpolation,2
greenwich,air_temperature_c,2024-03-28 17:00:00+00:00,2024-04-01 11:00:00+00:00,preserve,91
greenwich,air_temperature_c,2024-04-01 13:00:00+00:00,2024-04-01 23:00:00+00:00,preserve,11
greenwich,air_temperature_c,2024-04-02 11:00:00+00:00,2024-04-02 14:00:00+00:00,linear_interpolation,4
greenwich,air_temperature_c,2024-04-02 16:00:00+00:00,2024-04-03 09:00:00+00:00,preserve,18
greenwich,air_temperature_c,2024-04-03 11:00:00+00:00,2024-04-03 11:00:00+00:00,linear_interpolation,1
greenwich,air_temperature_c,2024-04-03 16:00:00+00:00,2024-04-04 19:00:00+00:00,preserve,28
greenwich,air_temperature_c,2024-04-05 13:00:00+00:00,2024-04-05 21:00:00+00:00,preserve,9
greenwich,air_temperature_c,2024-04-07 17:00:00+00:00,2024-04-10 14:00:00+00:00,preserve,70
greenwich,air_temperature_c,2024-04-11 11:00:00+00:00,2024-04-11 17:00:00+00:00,preserve,7
greenwich,air_temperature_c,2024-04-11 19:00:00+00:00,2024-05-28 12:00:00+00:00,preserve,1122
greenwich,air_temperature_c,2026-02-08 14:00:00+00:00,2026-03-23 03:00:00+00:00,preserve,1022
greenwich,relative_humidity_pct,2023-04-01 00:00:00+00:00,2023-04-11 15:00:00+00:00,preserve,256
greenwich,relative_humidity_pct,2023-04-23 04:00:00+00:00,2023-04-23 04:00:00+00:00,linear_interpolation,1
greenwich,relative_humidity_pct,2023-04-25 18:00:00+00:00,2023-05-04 12:00:00+00:00,preserve,211
greenwich,relative_humidity_pct,2023-05-05 14:00:00+00:00,2023-05-11 15:00:00+00:00,preserve,146
greenwich,relative_humidity_pct,2023-11-29 18:00:00+00:00,2023-11-29 19:00:00+00:00,linear_interpolation,2
greenwich,relative_humidity_pct,2024-01-01 00:00:00+00:00,2024-01-01 03:00:00+00:00,linear_interpolation,4
greenwich,relative_humidity_pct,2024-01-01 06:00:00+00:00,2024-03-14 15:00:00+00:00,preserve,1762
greenwich,relative_humidity_pct,2024-03-28 12:00:00+00:00,2024-03-28 13:00:00+00:00,linear_interpolation,2
greenwich,relative_humidity_pct,2024-03-28 17:00:00+00:00,2024-03-28 17:00:00+00:00,linear_interpolation,1
greenwich,relative_humidity_pct,2024-03-28 20:00:00+00:00,2024-03-29 16:00:00+00:00,preserve,21
greenwich,relative_humidity_pct,2024-03-30 06:00:00+00:00,2024-04-01 11:00:00+00:00,preserve,54
greenwich,relative_humidity_pct,2024-04-01 13:00:00+00:00,2024-04-01 13:00:00+00:00,linear_interpolation,1
greenwich,relative_humidity_pct,2024-04-02 00:00:00+00:00,2024-04-02 00:00:00+00:00,linear_interpolation,1
greenwich,relative_humidity_pct,2024-04-02 11:00:00+00:00,2024-04-02 12:00:00+00:00,linear_interpolation,2
greenwich,relative_humidity_pct,2024-04-02 15:00:00+00:00,2024-04-02 16:00:00+00:00,linear_interpolation,2
greenwich,relative_humidity_pct,2024-04-03 06:00:00+00:00,2024-04-03 08:00:00+00:00,linear_interpolation,3
greenwich,relative_humidity_pct,2024-04-03 10:00:00+00:00,2024-04-03 10:00:00+00:00,linear_interpolation,1
greenwich,relative_humidity_pct,2024-04-03 16:00:00+00:00,2024-04-04 19:00:00+00:00,preserve,28
greenwich,relative_humidity_pct,2024-04-05 13:00:00+00:00,2024-04-05 21:00:00+00:00,preserve,9
greenwich,relative_humidity_pct,2024-04-07 18:00:00+00:00,2024-04-07 18:00:00+00:00,linear_interpolation,1
greenwich,relative_humidity_pct,2024-04-09 04:00:00+00:00,2024-04-10 14:00:00+00:00,preserve,35
greenwich,relative_humidity_pct,2024-04-11 12:00:00+00:00,2024-04-11 12:00:00+00:00,linear_interpolation,1
greenwich,relative_humidity_pct,2024-04-11 17:00:00+00:00,2024-04-11 20:00:00+00:00,linear_interpolation,4
greenwich,relative_humidity_pct,2024-05-01 03:00:00+00:00,2024-05-28 12:00:00+00:00,preserve,658
greenwich,relative_humidity_pct,2025-08-17 21:00:00+00:00,2025-08-17 21:00:00+00:00,linear_interpolation,1
greenwich,relative_humidity_pct,2026-02-08 14:00:00+00:00,2026-03-23 03:00:00+00:00,preserve,1022
greenwich,wind_speed_kmh,2023-04-25 18:00:00+00:00,2023-05-04 12:00:00+00:00,preserve,211
greenwich,wind_speed_kmh,2023-05-05 14:00:00+00:00,2023-05-11 15:00:00+00:00,preserve,146
greenwich,wind_speed_kmh,2024-01-01 00:00:00+00:00,2024-01-01 03:00:00+00:00,linear_interpolation,4
greenwich,wind_speed_kmh,2024-01-01 06:00:00+00:00,2024-03-14 15:00:00+00:00,preserve,1762
greenwich,wind_speed_kmh,2025-02-24 20:00:00+00:00,2025-03-01 03:00:00+00:00,preserve,104
greenwich,wind_speed_kmh,2026-02-08 14:00:00+00:00,2026-03-23 03:00:00+00:00,preserve,1022
greenwich,dew_point_c,2023-04-01 00:00:00+00:00,2023-04-11 15:00:00+00:00,preserve,256
greenwich,dew_point_c,2023-04-25 18:00:00+00:00,2023-05-04 12:00:00+00:00,preserve,211
greenwich,dew_point_c,2023-05-05 14:00:00+00:00,2023-05-11 15:00:00+00:00,preserve,146
greenwich,dew_point_c,2023-11-29 18:00:00+00:00,2023-11-29 19:00:00+00:00,linear_interpolation,2
greenwich,dew_point_c,2024-01-01 00:00:00+00:00,2024-01-01 03:00:00+00:00,linear_interpolation,4
greenwich,dew_point_c,2024-01-01 06:00:00+00:00,2024-03-14 15:00:00+00:00,preserve,1762
greenwich,dew_point_c,2024-03-28 20:00:00+00:00,2024-03-29 16:00:00+00:00,preserve,21
greenwich,dew_point_c,2024-03-30 06:00:00+00:00,2024-04-01 11:00:00+00:00,preserve,54
greenwich,dew_point_c,2024-04-01 13:00:00+00:00,2024-04-01 13:00:00+00:00,linear_interpolation,1
greenwich,dew_point_c,2024-04-03 06:00:00+00:00,2024-04-03 08:00:00+00:00,linear_interpolation,3
greenwich,dew_point_c,2024-04-03 16:00:00+00:00,2024-04-04 19:00:00+00:00,preserve,28
greenwich,dew_point_c,2024-04-05 13:00:00+00:00,2024-04-05 21:00:00+00:00,preserve,9
greenwich,dew_point_c,2024-04-09 04:00:00+00:00,2024-04-10 14:00:00+00:00,preserve,35
greenwich,dew_point_c,2024-05-01 03:00:00+00:00,2024-05-28 12:00:00+00:00,preserve,658
greenwich,dew_point_c,2025-03-04 22:00:00+00:00,2025-03-05 01:00:00+00:00,linear_interpolation,4
greenwich,dew_point_c,2026-02-08 14:00:00+00:00,2026-03-23 03:00:00+00:00,preserve,1022
greenwich,solar_radiation_w_m2,2023-04-02 18:00:00+00:00,2023-04-02 19:00:00+00:00,linear_interpolation,2
greenwich,solar_radiation_w_m2,2023-04-25 18:00:00+00:00,2023-05-04 12:00:00+00:00,preserve,211
greenwich,solar_radiation_w_m2,2023-05-05 14:00:00+00:00,2023-05-11 15:00:00+00:00,preserve,146
greenwich,solar_radiation_w_m2,2024-01-01 00:00:00+00:00,2024-01-01 03:00:00+00:00,linear_interpolation,4
greenwich,solar_radiation_w_m2,2024-01-01 06:00:00+00:00,2024-03-14 15:00:00+00:00,preserve,1762
greenwich,solar_radiation_w_m2,2026-02-08 14:00:00+00:00,2026-03-23 03:00:00+00:00,preserve,1022
greenwich,barometric_pressure_kpa,2023-04-01 00:00:00+00:00,2026-03-23 03:00:00+00:00,preserve,26092
greenwich,wind_direction_deg,2023-04-25 18:00:00+00:00,2023-05-04 12:00:00+00:00,preserve,211
greenwich,wind_direction_deg,2023-05-05 14:00:00+00:00,2023-05-11 15:00:00+00:00,preserve,146
greenwich,wind_direction_deg,2024-01-01 00:00:00+00:00,2024-01-01 03:00:00+00:00,linear_interpolation,4
greenwich,wind_direction_deg,2024-01-01 06:00:00+00:00,2024-03-14 15:00:00+00:00,preserve,1762
greenwich,wind_direction_deg,2026-02-08 14:00:00+00:00,2026-03-23 03:00:00+00:00,preserve,1022
cavendish,air_temperature_c,2023-05-28 21:00:00+00:00,2023-05-28 21:00:00+00:00,linear_interpolation,1
cavendish,air_temperature_c,2023-09-01 03:00:00+00:00,2023-10-01 02:00:00+00:00,preserve,720
cavendish,air_temperature_c,2024-05-23 17:00:00+00:00,2024-05-23 17:00:00+00:00,linear_interpolation,1
cavendish,air_temperature_c,2025-03-01 04:00:00+00:00,2025-03-11 12:00:00+00:00,preserve,249
cavendish,air_temperature_c,2025-04-11 14:00:00+00:00,2025-04-17 16:00:00+00:00,preserve,147
cavendish,air_temperature_c,2025-05-08 19:00:00+00:00,2025-05-08 19:00:00+00:00,linear_interpolation,1
cavendish,air_temperature_c,2025-11-16 11:00:00+00:00,2025-12-31 23:00:00+00:00,preserve,1093
cavendish,air_temperature_c,2026-01-16 11:00:00+00:00,2026-03-23 03:00:00+00:00,preserve,1577
cavendish,relative_humidity_pct,2023-09-01 03:00:00+00:00,2023-10-01 02:00:00+00:00,preserve,720
cavendish,relative_humidity_pct,2025-03-01 04:00:00+00:00,2025-03-11 12:00:00+00:00,preserve,249
cavendish,relative_humidity_pct,2025-04-11 14:00:00+00:00,2025-04-17 16:00:00+00:00,preserve,147
cavendish,relative_humidity_pct,2025-08-17 20:00:00+00:00,2025-08-17 20:00:00+00:00,linear_interpolation,1
cavendish,relative_humidity_pct,2025-11-16 11:00:00+00:00,2025-12-31 23:00:00+00:00,preserve,1093
cavendish,relative_humidity_pct,2026-01-16 11:00:00+00:00,2026-03-23 03:00:00+00:00,preserve,1577
cavendish,wind_speed_kmh,2023-09-01 03:00:00+00:00,2023-10-01 02:00:00+00:00,preserve,720
cavendish,wind_speed_kmh,2025-02-24 20:00:00+00:00,2025-03-11 12:00:00+00:00,preserve,353
cavendish,wind_speed_kmh,2025-04-11 14:00:00+00:00,2025-04-17 16:00:00+00:00,preserve,147
cavendish,wind_speed_kmh,2025-11-16 11:00:00+00:00,2025-12-31 23:00:00+00:00,preserve,1093
cavendish,wind_speed_kmh,2026-01-16 11:00:00+00:00,2026-03-23 03:00:00+00:00,preserve,1577
cavendish,dew_point_c,2023-09-01 03:00:00+00:00,2023-10-01 02:00:00+00:00,preserve,720
cavendish,dew_point_c,2025-03-01 04:00:00+00:00,2025-03-11 12:00:00+00:00,preserve,249
cavendish,dew_point_c,2025-04-11 14:00:00+00:00,2025-04-17 16:00:00+00:00,preserve,147
cavendish,dew_point_c,2025-05-24 13:00:00+00:00,2025-05-24 13:00:00+00:00,linear_interpolation,1
cavendish,dew_point_c,2025-11-16 11:00:00+00:00,2025-12-31 23:00:00+00:00,preserve,1093
cavendish,dew_point_c,2026-01-16 11:00:00+00:00,2026-03-23 03:00:00+00:00,preserve,1577
cavendish,solar_radiation_w_m2,2023-09-01 03:00:00+00:00,2023-10-01 02:00:00+00:00,preserve,720
cavendish,solar_radiation_w_m2,2025-03-01 04:00:00+00:00,2025-03-11 12:00:00+00:00,preserve,249
cavendish,solar_radiation_w_m2,2025-04-11 14:00:00+00:00,2025-04-17 16:00:00+00:00,preserve,147
cavendish,solar_radiation_w_m2,2025-11-16 11:00:00+00:00,2025-12-31 23:00:00+00:00,preserve,1093
cavendish,solar_radiation_w_m2,2026-01-16 11:00:00+00:00,2026-03-23 03:00:00+00:00,preserve,1577
cavendish,barometric_pressure_kpa,2023-04-01 00:00:00+00:00,2026-03-23 03:00:00+00:00,preserve,26092
cavendish,wind_direction_deg,2023-09-01 03:00:00+00:00,2023-10-01 02:00:00+00:00,preserve,720
cavendish,wind_direction_deg,2025-03-01 04:00:00+00:00,2025-03-11 12:00:00+00:00,preserve,249
cavendish,wind_direction_deg,2025-04-11 14:00:00+00:00,2025-04-17 16:00:00+00:00,preserve,147
cavendish,wind_direction_deg,2025-11-16 11:00:00+00:00,2025-12-31 23:00:00+00:00,preserve,1093
cavendish,wind_direction_deg,2026-01-16 11:00:00+00:00,2026-03-23 03:00:00+00:00,preserve,1577
north_rustico,air_temperature_c,2023-04-01 00:00:00+00:00,2023-04-14 13:00:00+00:00,preserve,326
north_rustico,air_temperature_c,2023-05-28 21:00:00+00:00,2023-05-28 21:00:00+00:00,linear_interpolation,1
north_rustico,air_temperature_c,2023-08-01 03:00:00+00:00,2023-09-01 02:00:00+00:00,preserve,744
north_rustico,air_temperature_c,2024-01-01 00:00:00+00:00,2024-01-01 03:00:00+00:00,linear_interpolation,4
north_rustico,air_temperature_c,2025-05-15 23:00:00+00:00,2025-05-15 23:00:00+00:00,linear_interpolation,1
north_rustico,relative_humidity_pct,2023-04-01 00:00:00+00:00,2023-04-14 13:00:00+00:00,preserve,326
north_rustico,relative_humidity_pct,2023-08-01 03:00:00+00:00,2023-09-01 02:00:00+00:00,preserve,744
north_rustico,relative_humidity_pct,2023-12-13 21:00:00+00:00,2023-12-13 21:00:00+00:00,linear_interpolation,1
north_rustico,relative_humidity_pct,2024-01-01 00:00:00+00:00,2024-01-01 03:00:00+00:00,linear_interpolation,4
north_rustico,wind_speed_kmh,2023-04-01 00:00:00+00:00,2023-04-14 13:00:00+00:00,preserve,326
north_rustico,wind_speed_kmh,2023-10-06 19:00:00+00:00,2023-10-06 20:00:00+00:00,linear_interpolation,2
north_rustico,wind_speed_kmh,2023-11-09 05:00:00+00:00,2023-11-16 15:00:00+00:00,preserve,179
north_rustico,wind_speed_kmh,2023-11-17 10:00:00+00:00,2023-11-17 11:00:00+00:00,linear_interpolation,2
north_rustico,wind_speed_kmh,2023-11-25 03:00:00+00:00,2023-11-25 04:00:00+00:00,linear_interpolation,2
north_rustico,wind_speed_kmh,2023-11-26 20:00:00+00:00,2023-11-26 20:00:00+00:00,linear_interpolation,1
north_rustico,wind_speed_kmh,2023-11-27 19:00:00+00:00,2023-11-27 23:00:00+00:00,linear_interpolation,5
north_rustico,wind_speed_kmh,2023-11-28 01:00:00+00:00,2023-11-28 02:00:00+00:00,linear_interpolation,2
north_rustico,wind_speed_kmh,2023-11-28 04:00:00+00:00,2023-11-28 04:00:00+00:00,linear_interpolation,1
north_rustico,wind_speed_kmh,2023-12-03 20:00:00+00:00,2023-12-05 10:00:00+00:00,preserve,39
north_rustico,wind_speed_kmh,2023-12-07 08:00:00+00:00,2023-12-07 17:00:00+00:00,preserve,10
north_rustico,wind_speed_kmh,2023-12-08 18:00:00+00:00,2023-12-09 05:00:00+00:00,preserve,12
north_rustico,wind_speed_kmh,2023-12-09 07:00:00+00:00,2023-12-09 07:00:00+00:00,linear_interpolation,1
north_rustico,wind_speed_kmh,2023-12-15 14:00:00+00:00,2023-12-15 14:00:00+00:00,linear_interpolation,1
north_rustico,wind_speed_kmh,2023-12-15 16:00:00+00:00,2023-12-15 16:00:00+00:00,linear_interpolation,1
north_rustico,wind_speed_kmh,2023-12-24 17:00:00+00:00,2023-12-24 18:00:00+00:00,linear_interpolation,2
north_rustico,wind_speed_kmh,2023-12-24 22:00:00+00:00,2023-12-24 22:00:00+00:00,linear_interpolation,1
north_rustico,wind_speed_kmh,2024-01-01 00:00:00+00:00,2024-01-01 03:00:00+00:00,linear_interpolation,4
north_rustico,wind_speed_kmh,2024-01-14 03:00:00+00:00,2024-01-15 08:00:00+00:00,preserve,30
north_rustico,wind_speed_kmh,2025-02-01 04:00:00+00:00,2025-02-24 18:00:00+00:00,preserve,567
north_rustico,dew_point_c,2023-04-01 00:00:00+00:00,2023-04-14 13:00:00+00:00,preserve,326
north_rustico,dew_point_c,2024-01-01 00:00:00+00:00,2024-01-01 03:00:00+00:00,linear_interpolation,4
north_rustico,dew_point_c,2025-04-09 14:00:00+00:00,2025-04-09 14:00:00+00:00,linear_interpolation,1
north_rustico,solar_radiation_w_m2,2023-04-01 00:00:00+00:00,2023-04-14 13:00:00+00:00,preserve,326
north_rustico,solar_radiation_w_m2,2023-07-31 15:00:00+00:00,2023-07-31 15:00:00+00:00,linear_interpolation,1
north_rustico,solar_radiation_w_m2,2024-01-01 00:00:00+00:00,2024-01-01 03:00:00+00:00,linear_interpolation,4
north_rustico,barometric_pressure_kpa,2023-04-01 00:00:00+00:00,2023-04-14 13:00:00+00:00,preserve,326
north_rustico,barometric_pressure_kpa,2024-01-01 00:00:00+00:00,2024-01-01 03:00:00+00:00,linear_interpolation,4
north_rustico,wind_direction_deg,2023-04-01 00:00:00+00:00,2023-04-14 13:00:00+00:00,preserve,326
north_rustico,wind_direction_deg,2023-11-09 05:00:00+00:00,2023-11-16 15:00:00+00:00,preserve,179
north_rustico,wind_direction_deg,2023-11-27 19:00:00+00:00,2023-11-27 23:00:00+00:00,linear_interpolation,5
north_rustico,wind_direction_deg,2023-11-28 01:00:00+00:00,2023-11-28 02:00:00+00:00,linear_interpolation,2
north_rustico,wind_direction_deg,2023-11-28 04:00:00+00:00,2023-11-28 04:00:00+00:00,linear_interpolation,1
north_rustico,wind_direction_deg,2024-01-01 00:00:00+00:00,2024-01-01 03:00:00+00:00,linear_interpolation,4
north_rustico,wind_direction_deg,2024-01-14 03:00:00+00:00,2024-01-15 08:00:00+00:00,preserve,30
stanley_bridge,air_temperature_c,2023-04-01 00:00:00+00:00,2023-07-25 14:00:00+00:00,preserve,2775
stanley_bridge,air_temperature_c,2024-01-01 00:00:00+00:00,2024-01-01 03:00:00+00:00,linear_interpolation,4
stanley_bridge,air_temperature_c,2025-04-29 15:00:00+00:00,2025-05-01 02:00:00+00:00,preserve,36
stanley_bridge,air_temperature_c,2025-05-08 19:00:00+00:00,2025-05-08 19:00:00+00:00,linear_interpolation,1
stanley_bridge,air_temperature_c,2026-01-12 14:00:00+00:00,2026-03-23 03:00:00+00:00,preserve,1670
stanley_bridge,relative_humidity_pct,2023-04-01 00:00:00+00:00,2026-03-23 03:00:00+00:00,preserve,26092
stanley_bridge,wind_speed_kmh,2023-04-01 00:00:00+00:00,2023-07-25 14:00:00+00:00,preserve,2775
stanley_bridge,wind_speed_kmh,2023-07-25 22:00:00+00:00,2024-01-01 03:00:00+00:00,preserve,3822
stanley_bridge,wind_speed_kmh,2025-02-24 20:00:00+00:00,2025-03-01 03:00:00+00:00,preserve,104
stanley_bridge,wind_speed_kmh,2026-01-12 14:00:00+00:00,2026-03-23 03:00:00+00:00,preserve,1670
stanley_bridge,dew_point_c,2023-04-01 00:00:00+00:00,2026-03-23 03:00:00+00:00,preserve,26092
stanley_bridge,solar_radiation_w_m2,2023-04-01 00:00:00+00:00,2023-07-25 14:00:00+00:00,preserve,2775
stanley_bridge,solar_radiation_w_m2,2023-08-14 05:00:00+00:00,2023-08-28 19:00:00+00:00,preserve,351
stanley_bridge,solar_radiation_w_m2,2024-01-01 00:00:00+00:00,2024-01-01 03:00:00+00:00,linear_interpolation,4
stanley_bridge,solar_radiation_w_m2,2026-01-12 14:00:00+00:00,2026-03-23 03:00:00+00:00,preserve,1670
stanley_bridge,barometric_pressure_kpa,2023-04-01 00:00:00+00:00,2024-02-19 13:00:00+00:00,preserve,7790
stanley_bridge,barometric_pressure_kpa,2026-01-29 23:00:00+00:00,2026-03-23 03:00:00+00:00,preserve,1253
stanley_bridge,wind_direction_deg,2023-04-01 00:00:00+00:00,2023-07-25 14:00:00+00:00,preserve,2775
stanley_bridge,wind_direction_deg,2023-08-14 05:00:00+00:00,2023-08-28 19:00:00+00:00,preserve,351
stanley_bridge,wind_direction_deg,2024-01-01 00:00:00+00:00,2024-01-01 03:00:00+00:00,linear_interpolation,4
stanley_bridge,wind_direction_deg,2026-01-12 14:00:00+00:00,2026-03-23 03:00:00+00:00,preserve,1670
tracadie,air_temperature_c,2023-07-12 19:00:00+00:00,2023-07-12 20:00:00+00:00,linear_interpolation,2
tracadie,air_temperature_c,2023-07-13 02:00:00+00:00,2023-07-13 02:00:00+00:00,linear_interpolation,1
tracadie,air_temperature_c,2023-07-13 11:00:00+00:00,2023-07-13 11:00:00+00:00,linear_interpolation,1
tracadie,air_temperature_c,2023-07-13 18:00:00+00:00,2023-07-13 18:00:00+00:00,linear_interpolation,1
tracadie,air_temperature_c,2023-07-13 20:00:00+00:00,2023-07-13 22:00:00+00:00,linear_interpolation,3
tracadie,air_temperature_c,2024-01-01 00:00:00+00:00,2024-01-01 03:00:00+00:00,linear_interpolation,4
tracadie,air_temperature_c,2024-05-23 18:00:00+00:00,2024-05-23 18:00:00+00:00,linear_interpolation,1
tracadie,air_temperature_c,2024-09-01 03:00:00+00:00,2024-10-29 01:00:00+00:00,preserve,1391
tracadie,air_temperature_c,2025-06-04 13:00:00+00:00,2025-06-04 14:00:00+00:00,linear_interpolation,2
tracadie,air_temperature_c,2026-01-12 14:00:00+00:00,2026-03-23 03:00:00+00:00,preserve,1670
tracadie,relative_humidity_pct,2023-06-29 00:00:00+00:00,2026-03-23 03:00:00+00:00,preserve,23956
tracadie,wind_speed_kmh,2023-06-29 02:00:00+00:00,2023-07-01 02:00:00+00:00,preserve,49
tracadie,wind_speed_kmh,2023-07-12 19:00:00+00:00,2023-07-13 18:00:00+00:00,preserve,24
tracadie,wind_speed_kmh,2023-07-13 20:00:00+00:00,2023-07-14 13:00:00+00:00,preserve,18
tracadie,wind_speed_kmh,2023-09-10 22:00:00+00:00,2023-09-14 11:00:00+00:00,preserve,86
tracadie,wind_speed_kmh,2024-01-01 00:00:00+00:00,2024-01-01 03:00:00+00:00,linear_interpolation,4
tracadie,wind_speed_kmh,2024-09-01 03:00:00+00:00,2024-10-29 01:00:00+00:00,preserve,1391
tracadie,wind_speed_kmh,2025-02-01 04:00:00+00:00,2025-02-24 18:00:00+00:00,preserve,567
tracadie,wind_speed_kmh,2026-01-12 14:00:00+00:00,2026-03-23 03:00:00+00:00,preserve,1670
tracadie,dew_point_c,2023-06-29 00:00:00+00:00,2026-03-23 03:00:00+00:00,preserve,23956
tracadie,solar_radiation_w_m2,2023-07-12 19:00:00+00:00,2023-07-13 18:00:00+00:00,preserve,24
tracadie,solar_radiation_w_m2,2023-07-13 20:00:00+00:00,2023-07-14 13:00:00+00:00,preserve,18
tracadie,solar_radiation_w_m2,2024-01-01 00:00:00+00:00,2024-01-01 03:00:00+00:00,linear_interpolation,4
tracadie,solar_radiation_w_m2,2024-09-01 03:00:00+00:00,2024-10-29 01:00:00+00:00,preserve,1391
tracadie,solar_radiation_w_m2,2026-01-12 14:00:00+00:00,2026-03-23 03:00:00+00:00,preserve,1670
tracadie,barometric_pressure_kpa,2023-06-29 00:00:00+00:00,2023-09-14 11:00:00+00:00,preserve,1860
tracadie,barometric_pressure_kpa,2024-01-01 00:00:00+00:00,2024-01-01 03:00:00+00:00,linear_interpolation,4
tracadie,barometric_pressure_kpa,2024-09-01 03:00:00+00:00,2024-10-29 01:00:00+00:00,preserve,1391
tracadie,barometric_pressure_kpa,2026-01-29 23:00:00+00:00,2026-03-23 03:00:00+00:00,preserve,1253
tracadie,wind_direction_deg,2023-07-12 19:00:00+00:00,2023-07-13 18:00:00+00:00,preserve,24
tracadie,wind_direction_deg,2023-07-13 20:00:00+00:00,2023-07-14 13:00:00+00:00,preserve,18
tracadie,wind_direction_deg,2024-01-01 00:00:00+00:00,2024-01-01 03:00:00+00:00,linear_interpolation,4
tracadie,wind_direction_deg,2024-09-01 03:00:00+00:00,2024-10-29 01:00:00+00:00,preserve,1391
tracadie,wind_direction_deg,2026-01-12 14:00:00+00:00,2026-03-23 03:00:00+00:00,preserve,1670
